link_id,from_node_id,to_node_id,time_period,volume,travel_time,speed,VOC,queue,density,geometry,notes
1003,1,3,0700_0800,4000.00000,41.00000,1.46341,40.00000,0,0,"",period-based
3002,3,2,0700_0800,0.00000,45.00000,60.00000,0.00000,0,0,"",period-based
1004,1,4,0700_0800,0.00000,45.00000,60.00000,0.00000,0,0,"",period-based
4002,4,2,0700_0800,4000.00000,41.00000,1.46341,40.00000,0,0,"",period-based
4003,3,4,0700_0800,4000.00000,0.00104,57.89396,0.70175,0,0,"",period-based
