agent_id,o_zone_id,d_zone_id,path_id,agent_type,demand_period,volume,toll,travel_time,distance,node_sequence,link_sequence,time_sequence,time_decimal_sequence,link_travel_time_sequence,geometry
1,1,2,0,auto,AM,2004.00,0.0,66.0600,46.0000,1;3;2;,,0730:00;0751:03;0836:03;,450.01;471.05;516.05;,21.04;45.00;,"LINESTRING (0.017882 -0.125179, 19.778254 14.806867, 40.253933 0.053648)"
2,1,2,1,auto,AM,1996.00,0.0,65.9800,46.0000,1;4;2;,,0836:04;0921:04;0942:01;,516.07;561.07;582.03;,45.00;20.96;,"LINESTRING (0.017882 -0.125179, 19.688841 -9.692418, 40.253933 0.053648)"
