link_id,from_node_id,to_node_id,time_period,volume,travel_time,speed,VOC,queue,density,geometry,notes
1003,1,3,0700_0800,2004.00195,21.04002,2.85171,20.04002,0,0,"",period-based
3002,3,2,0700_0800,2004.00195,45.00000,60.00000,0.35158,0,0,"",period-based
1004,1,4,0700_0800,1995.99829,45.00000,60.00000,0.35018,0,0,"",period-based
4002,4,2,0700_0800,1995.99829,20.95998,2.86260,19.95998,0,0,"",period-based
