link_id,from_node_id,to_node_id,time_period,volume,travel_time,speed,VOC,queue,density,geometry,notes
1,1,3,0,2009.5730352933997,40.14050461195473,1.4947495199681837,4.0191460705868,,,
2,3,2,0,2009.5730352933997,45.00128746226817,59.9982834327539,0.11751889095283038,,,
3,1,4,0,1990.4269647066012,45.001239094180704,59.998347919916455,0.11639923770214042,,,
4,4,2,0,1990.4269647066012,38.67005270250261,1.5515882655137159,3.9808539294132026,,,
