link_id,from_node_id,to_node_id,time_period,volume,travel_time,speed,VOC,queue,density,geometry,notes
1,1,3,0,0,1.0,60.0,0.0,,,
2,3,2,0,0,45.0,60.0,0.0,,,
3,1,4,0,3999.999999999999,45.02020967346757,59.973065864933794,0.23391812865497072,,,
4,4,2,0,3999.999999999999,615.3999999999994,0.09749756256093607,7.999999999999998,,,
5,3,4,0,0,0.01,60.0,0.0,,,
